filename,label
negative/image6_14x15.jpg,negative
negative/image6_15x4.jpg,negative
negative/image6_15x2.jpg,negative
negative/image6_15x1.jpg,negative
negative/image6_1x11.jpg,negative
negative/image6_1x13.jpg,negative
negative/image6_14x12.jpg,negative
negative/image6_15x5.jpg,negative
negative/image6_14x14.jpg,negative
negative/image6_15x3.jpg,negative
negative/image1_15x15.jpg,negative
negative/image1_15x1.jpg,negative
negative/image10_1x25.jpg,negative
negative/image10_1x24.jpg,negative
negative/image6_6x2.jpg,negative
negative/image6_1x8.jpg,negative
negative/image6_1x6.jpg,negative
negative/image6_1x5.jpg,negative
negative/image6_4x18.jpg,negative
negative/image6_3x32.jpg,negative
negative/image6_4x10.jpg,negative
negative/image6_1x2.jpg,negative
negative/image6_4x15.jpg,negative
negative/image6_4x19.jpg,negative
negative/image6_4x13.jpg,negative
negative/image6_1x20.jpg,negative
negative/image6_1x21.jpg,negative
negative/image6_1x7.jpg,negative
negative/image6_4x14.jpg,negative
negative/image7_13x15.jpg,negative
negative/image7_11x10.jpg,negative
negative/image7_11x9.jpg,negative
negative/image7_11x31.jpg,negative
negative/image7_11x27.jpg,negative
negative/image7_11x23.jpg,negative
negative/image7_11x25.jpg,negative
negative/image7_11x28.jpg,negative
negative/image6_9x4.jpg,negative
negative/image7_11x26.jpg,negative
negative/image7_11x20.jpg,negative
negative/image7_11x8.jpg,negative
negative/image7_11x24.jpg,negative
negative/image7_13x16.jpg,negative
negative/image6_9x1.jpg,negative
negative/image6_7x5.jpg,negative
negative/image6_5x29.jpg,negative
negative/image6_7x7.jpg,negative
negative/image6_7x6.jpg,negative
negative/image6_9x2.jpg,negative
negative/image6_6x1.jpg,negative
negative/image6_5x30.jpg,negative
negative/image6_8x32.jpg,negative
negative/image6_7x4.jpg,negative
negative/image6_5x32.jpg,negative
negative/image6_5x31.jpg,negative
negative/image6_7x3.jpg,negative
negative/image7_15x25.jpg,negative
negative/image7_16x28.jpg,negative
negative/image7_13x20.jpg,negative
negative/image7_13x19.jpg,negative
negative/image7_15x26.jpg,negative
negative/image7_13x23.jpg,negative
negative/image7_16x25.jpg,negative
negative/image7_16x24.jpg,negative
negative/image7_15x21.jpg,negative
negative/image7_15x23.jpg,negative
negative/image7_15x24.jpg,negative
negative/image7_13x18.jpg,negative
negative/image7_13x21.jpg,negative
negative/image7_15x22.jpg,negative
negative/image6_4x27.jpg,negative
negative/image6_5x22.jpg,negative
negative/image6_4x20.jpg,negative
negative/image6_5x23.jpg,negative
negative/image6_5x21.jpg,negative
negative/image6_4x9.jpg,negative
negative/image6_5x24.jpg,negative
negative/image6_4x26.jpg,negative
negative/image6_5x26.jpg,negative
negative/image6_4x22.jpg,negative
negative/image6_13x14.jpg,negative
negative/image3_7x22.jpg,negative
negative/image3_7x25.jpg,negative
negative/image4_1x6.jpg,negative
negative/image3_7x24.jpg,negative
negative/image4_1x10.jpg,negative
negative/image6_13x12.jpg,negative
negative/image6_13x13.jpg,negative
negative/image6_13x15.jpg,negative
negative/image6_12x5.jpg,negative
negative/image2_2x4.jpg,negative
negative/image2_4x10.jpg,negative
negative/image2_4x11.jpg,negative
negative/image2_4x12.jpg,negative
negative/image2_2x9.jpg,negative
negative/image2_2x8.jpg,negative
negative/image2_4x13.jpg,negative
negative/image2_2x3.jpg,negative
negative/image2_2x6.jpg,negative
negative/image2_2x5.jpg,negative
negative/image6_1x12.jpg,negative
negative/image6_14x16.jpg,negative
negative/image6_1x10.jpg,negative
negative/image6_14x13.jpg,negative
negative/image2_2x7.jpg,negative
negative/image6_5x27.jpg,negative
negative/image6_4x23.jpg,negative
negative/image6_4x24.jpg,negative
negative/image6_4x21.jpg,negative
negative/image6_12x6.jpg,negative
negative/image4_1x7.jpg,negative
negative/image6_12x8.jpg,negative
negative/image3_7x23.jpg,negative
negative/image2_1x8.jpg,negative
negative/image2_1x4.jpg,negative
negative/image2_1x23.jpg,negative
negative/image2_2x12.jpg,negative
negative/image2_2x10.jpg,negative
negative/image2_2x11.jpg,negative
negative/image2_1x5.jpg,negative
negative/image2_1x22.jpg,negative
negative/image2_2x1.jpg,negative
negative/image2_1x3.jpg,negative
negative/image2_1x7.jpg,negative
negative/image2_1x6.jpg,negative
negative/image2_1x20.jpg,negative
negative/image2_2x13.jpg,negative
negative/image2_4x15.jpg,negative
negative/image2_4x8.jpg,negative
negative/image2_4x14.jpg,negative
negative/image2_1x16.jpg,negative
negative/image2_10x7.jpg,negative
negative/image2_1x17.jpg,negative
negative/image2_1x19.jpg,negative
negative/image2_11x6.jpg,negative
negative/image2_10x8.jpg,negative
negative/image2_11x11.jpg,negative
negative/image2_11x12.jpg,negative
negative/image2_11x7.jpg,negative
negative/image2_10x9.jpg,negative
negative/image2_11x9.jpg,negative
negative/image2_11x10.jpg,negative
negative/image2_10x6.jpg,negative
negative/image2_11x8.jpg,negative
negative/image6_5x28.jpg,negative
negative/image6_9x3.jpg,negative
negative/image7_13x17.jpg,negative
negative/image1_15x10.jpg,negative
negative/image6_13x16.jpg,negative
negative/image6_1x19.jpg,negative
negative/image6_4x2.jpg,negative
negative/image3_1x7.jpg,negative
negative/image3_1x8.jpg,negative
negative/image3_7x19.jpg,negative
negative/image3_7x17.jpg,negative
negative/image3_1x5.jpg,negative
negative/image3_7x20.jpg,negative
negative/image3_1x6.jpg,negative
negative/image2_4x9.jpg,negative
negative/image2_10x10.jpg,negative
negative/image2_10x11.jpg,negative
negative/image2_10x12.jpg,negative
negative/image1_16x19.jpg,negative
negative/image1_15x18.jpg,negative
negative/image1_15x16.jpg,negative
negative/image1_16x17.jpg,negative
negative/image1_16x14.jpg,negative
negative/image1_16x15.jpg,negative
negative/image1_16x16.jpg,negative
negative/image1_15x2.jpg,negative
negative/image1_15x19.jpg,negative
negative/image1_16x18.jpg,negative
negative/image1_16x13.jpg,negative
negative/image3_7x21.jpg,negative
negative/image3_1x3.jpg,negative
negative/image2_9x7.jpg,negative
negative/image3_1x4.jpg,negative
negative/image3_1x2.jpg,negative
negative/image2_9x8.jpg,negative
negative/image2_9x9.jpg,negative
negative/image2_9x6.jpg,negative
negative/image1_15x17.jpg,negative
negative/image2_10x5.jpg,negative
negative/image2_1x2.jpg,negative
negative/image2_2x2.jpg,negative
negative/image7_16x30.jpg,negative
negative/image8_8x6.jpg,negative
negative/image8_8x5.jpg,negative
negative/image8_8x4.jpg,negative
negative/image8_8x2.jpg,negative
negative/image8_8x31.jpg,negative
negative/image8_8x20.jpg,negative
negative/image8_8x32.jpg,negative
negative/image9_2x5.jpg,negative
negative/image9_2x7.jpg,negative
negative/image8_6x4.jpg,negative
negative/image8_6x7.jpg,negative
negative/image8_7x2.jpg,negative
negative/image8_6x6.jpg,negative
negative/image8_7x1.jpg,negative
negative/image8_6x32.jpg,negative
negative/image9_1x24.jpg,negative
negative/image9_2x10.jpg,negative
negative/image9_1x15.jpg,negative
negative/image9_2x12.jpg,negative
negative/image9_2x16.jpg,negative
negative/image9_2x22.jpg,negative
negative/image9_2x15.jpg,negative
negative/image9_1x26.jpg,negative
negative/image9_2x11.jpg,negative
negative/image9_1x25.jpg,negative
negative/image9_1x16.jpg,negative
negative/image9_2x23.jpg,negative
negative/image8_8x17.jpg,negative
negative/image8_8x3.jpg,negative
negative/image8_8x1.jpg,negative
negative/image8_7x9.jpg,negative
negative/image8_7x8.jpg,negative
negative/image8_8x18.jpg,negative
negative/image8_8x19.jpg,negative
negative/image9_4x24.jpg,negative
negative/image9_4x29.jpg,negative
negative/image9_4x25.jpg,negative
negative/image9_4x26.jpg,negative
negative/image8_8x8.jpg,negative
negative/image8_6x2.jpg,negative
negative/image8_14x3.jpg,negative
negative/image8_13x1.jpg,negative
negative/image8_1x5.jpg,negative
negative/image7_5x5.jpg,negative
negative/image8_7x7.jpg,negative
negative/image9_1x14.jpg,negative
negative/image8_8x7.jpg,negative
negative/image9_4x19.jpg,negative
negative/image8_10x1.jpg,negative
negative/image7_5x4.jpg,negative
negative/image7_5x29.jpg,negative
negative/image7_5x31.jpg,negative
negative/image7_5x28.jpg,negative
negative/image7_5x3.jpg,negative
negative/image7_5x30.jpg,negative
negative/image7_5x16.jpg,negative
negative/image7_5x13.jpg,negative
negative/image7_5x18.jpg,negative
negative/image7_5x15.jpg,negative
negative/image7_5x17.jpg,negative
negative/image7_5x19.jpg,negative
negative/image7_5x27.jpg,negative
negative/image7_5x24.jpg,negative
negative/image7_5x26.jpg,negative
negative/image7_5x20.jpg,negative
negative/image7_5x25.jpg,negative
negative/image7_5x21.jpg,negative
negative/image7_5x22.jpg,negative
negative/image7_5x23.jpg,negative
negative/image7_4x2.jpg,negative
negative/image7_4x23.jpg,negative
negative/image7_4x24.jpg,negative
negative/image7_4x26.jpg,negative
negative/image7_4x27.jpg,negative
negative/image7_4x25.jpg,negative
negative/image7_5x12.jpg,negative
negative/image7_4x29.jpg,negative
negative/image7_4x32.jpg,negative
negative/image7_4x4.jpg,negative
negative/image7_5x1.jpg,negative
negative/image7_5x11.jpg,negative
negative/image7_4x31.jpg,negative
negative/image7_4x3.jpg,negative
negative/image7_5x2.jpg,negative
negative/image7_2x1.jpg,negative
negative/image7_2x6.jpg,negative
negative/image7_2x31.jpg,negative
negative/image7_2x5.jpg,negative
negative/image7_2x7.jpg,negative
negative/image7_2x32.jpg,negative
negative/image7_2x4.jpg,negative
negative/image7_2x3.jpg,negative
negative/image7_3x2.jpg,negative
negative/image7_2x8.jpg,negative
negative/image7_3x22.jpg,negative
negative/image7_3x24.jpg,negative
negative/image7_3x21.jpg,negative
negative/image7_3x23.jpg,negative
negative/image7_3x1.jpg,negative
negative/image7_1x8.jpg,negative
negative/image7_1x10.jpg,negative
negative/image7_1x6.jpg,negative
negative/image7_1x9.jpg,negative
negative/image7_1x4.jpg,negative
negative/image7_1x11.jpg,negative
negative/image7_1x5.jpg,negative
negative/image7_1x14.jpg,negative
negative/image7_16x31.jpg,negative
negative/image7_1x12.jpg,negative
negative/image7_1x3.jpg,negative
negative/image7_1x13.jpg,negative
negative/image7_4x1.jpg,negative
negative/image7_3x27.jpg,negative
negative/image7_3x4.jpg,negative
negative/image7_3x31.jpg,negative
negative/image7_3x32.jpg,negative
negative/image7_3x26.jpg,negative
negative/image7_3x28.jpg,negative
negative/image7_3x3.jpg,negative
negative/image7_16x32.jpg,negative
negative/image7_4x28.jpg,negative
negative/image7_3x25.jpg,negative
negative/image7_2x2.jpg,negative
negative/image8_10x3.jpg,negative
negative/image8_11x7.jpg,negative
negative/image8_11x6.jpg,negative
negative/image8_13x5.jpg,negative
negative/image8_14x20.jpg,negative
negative/image8_14x18.jpg,negative
negative/image8_13x2.jpg,negative
negative/image8_14x21.jpg,negative
negative/image8_13x6.jpg,negative
negative/image8_14x19.jpg,negative
negative/image8_13x7.jpg,negative
negative/image8_14x17.jpg,negative
negative/image8_14x27.jpg,negative
negative/image8_9x2.jpg,negative
negative/image8_9x6.jpg,negative
negative/image9_1x13.jpg,negative
negative/image8_9x4.jpg,negative
negative/image9_12x5.jpg,negative
negative/image8_9x3.jpg,negative
negative/image9_1x11.jpg,negative
negative/image9_12x2.jpg,negative
negative/image9_12x3.jpg,negative
negative/image9_12x4.jpg,negative
negative/image8_9x5.jpg,negative
negative/image9_1x12.jpg,negative
negative/image8_9x1.jpg,negative
negative/image7_6x2.jpg,negative
negative/image7_6x17.jpg,negative
negative/image7_6x16.jpg,negative
negative/image7_6x1.jpg,negative
negative/image8_10x2.jpg,negative
negative/image8_11x4.jpg,negative
negative/image8_12x17.jpg,negative
negative/image8_12x27.jpg,negative
negative/image8_12x19.jpg,negative
negative/image8_11x8.jpg,negative
negative/image8_12x28.jpg,negative
negative/image8_11x5.jpg,negative
negative/image8_12x20.jpg,negative
negative/image7_6x21.jpg,negative
negative/image7_6x19.jpg,negative
negative/image7_6x24.jpg,negative
negative/image7_6x22.jpg,negative
negative/image7_6x20.jpg,negative
negative/image7_6x3.jpg,negative
negative/image7_5x6.jpg,negative
negative/image7_5x9.jpg,negative
negative/image7_6x23.jpg,negative
negative/image7_5x7.jpg,negative
negative/image8_15x18.jpg,negative
negative/image8_16x11.jpg,negative
negative/image8_15x12.jpg,negative
negative/image8_15x17.jpg,negative
negative/image8_6x15.jpg,negative
negative/image8_6x1.jpg,negative
negative/image8_14x28.jpg,negative
negative/image8_14x29.jpg,negative
negative/image8_1x21.jpg,negative
negative/image8_15x3.jpg,negative
negative/image8_16x32.jpg,negative
negative/image8_15x2.jpg,negative
negative/image8_15x4.jpg,negative
negative/image8_14x32.jpg,negative
negative/image8_14x4.jpg,negative
negative/image8_14x5.jpg,negative
negative/image8_15x16.jpg,negative
negative/image8_15x1.jpg,negative
negative/image8_7x32.jpg,negative
negative/image8_7x30.jpg,negative
negative/image8_7x4.jpg,negative
negative/image8_7x31.jpg,negative
negative/image8_7x3.jpg,negative
negative/image8_7x20.jpg,negative
negative/image8_7x6.jpg,negative
negative/image8_7x5.jpg,negative
negative/image8_5x5.jpg,negative
negative/image8_3x28.jpg,negative
negative/image8_12x18.jpg,negative
negative/image8_12x29.jpg,negative
negative/image8_13x3.jpg,negative
negative/image8_13x4.jpg,negative
negative/image8_5x2.jpg,negative
negative/image8_1x6.jpg,negative
negative/image8_3x32.jpg,negative
negative/image8_3x31.jpg,negative
negative/image8_2x1.jpg,negative
negative/image8_4x2.jpg,negative
negative/image8_2x5.jpg,negative
negative/image8_4x1.jpg,negative
negative/image8_5x4.jpg,negative
negative/image8_5x3.jpg,negative
car/image2_2x26.jpg,car
car/image6_4x25.jpg,car
car/image3_7x31.jpg,car
car/image6_10x14.jpg,car
car/image7_14x12.jpg,car
car/image6_11x15.jpg,car
car/image6_8x21.jpg,car
car/image6_15x32.jpg,car
car/image3_13x21.jpg,car
car/image1_16x31.jpg,car
car/image1_15x27.jpg,car
car/image1_16x26.jpg,car
car/image1_15x28.jpg,car
car/image1_1x13.jpg,car
car/image1_15x25.jpg,car
car/image1_15x30.jpg,car
car/image1_15x24.jpg,car
car/image1_13x7.jpg,car
car/image1_14x24.jpg,car
car/image1_13x6.jpg,car
car/image1_13x10.jpg,car
car/image1_14x26.jpg,car
car/image1_14x25.jpg,car
car/image1_13x1.jpg,car
car/image1_3x10.jpg,car
car/image3_9x12.jpg,car
car/image3_9x19.jpg,car
car/image3_9x21.jpg,car
car/image3_9x27.jpg,car
car/image3_10x21.jpg,car
car/image4_6x12.jpg,car
car/image4_11x31.jpg,car
car/image4_12x29.jpg,car
car/image7_16x8.jpg,car
car/image6_6x18.jpg,car
car/image6_9x7.jpg,car
car/image6_11x6.jpg,car
car/image6_11x17.jpg,car
car/image6_11x19.jpg,car
car/image6_11x20.jpg,car
car/image6_11x18.jpg,car
car/image6_11x21.jpg,car
car/image6_11x32.jpg,car
car/image6_12x22.jpg,car
car/image2_6x20.jpg,car
car/image2_4x1.jpg,car
car/image2_4x18.jpg,car
car/image2_3x21.jpg,car
car/image2_6x2.jpg,car
car/image2_5x20.jpg,car
car/image2_4x20.jpg,car
car/image6_3x7.jpg,car
car/image6_3x6.jpg,car
car/image6_3x3.jpg,car
car/image6_3x4.jpg,car
car/image6_3x5.jpg,car
car/image6_3x2.jpg,car
car/image6_2x3.jpg,car
car/image6_16x12.jpg,car
car/image6_1x32.jpg,car
car/image6_2x27.jpg,car
car/image6_1x3.jpg,car
car/image6_2x19.jpg,car
car/image6_5x20.jpg,car
car/image6_5x10.jpg,car
car/image6_4x6.jpg,car
car/image6_4x8.jpg,car
car/image6_4x5.jpg,car
car/image6_4x3.jpg,car
car/image6_4x4.jpg,car
car/image3_11x25.jpg,car
car/image3_11x20.jpg,car
car/image3_11x21.jpg,car
car/image3_11x2.jpg,car
car/image3_11x16.jpg,car
car/image3_10x27.jpg,car
car/image3_10x9.jpg,car
car/image6_11x12.jpg,car
car/image3_14x31.jpg,car
car/image3_3x20.jpg,car
car/image3_13x25.jpg,car
car/image3_3x29.jpg,car
car/image3_5x28.jpg,car
car/image3_13x26.jpg,car
car/image3_6x15.jpg,car
car/image3_14x26.jpg,car
car/image3_14x24.jpg,car
car/image5_3x1.jpg,car
car/image5_11x20.jpg,car
car/image6_10x11.jpg,car
car/image6_10x10.jpg,car
car/image5_1x8.jpg,car
car/image5_1x6.jpg,car
car/image5_2x11.jpg,car
car/image3_7x30.jpg,car
car/image3_7x18.jpg,car
car/image2_14x23.jpg,car
car/image2_13x16.jpg,car
car/image2_14x12.jpg,car
car/image2_14x1.jpg,car
car/image2_14x15.jpg,car
car/image2_14x16.jpg,car
car/image2_12x26.jpg,car
car/image2_12x23.jpg,car
car/image1_7x1.jpg,car
car/image1_7x29.jpg,car
car/image1_8x31.jpg,car
car/image1_3x11.jpg,car
car/image2_12x15.jpg,car
car/image6_5x5.jpg,car
car/image6_5x7.jpg,car
car/image6_5x4.jpg,car
car/image6_5x9.jpg,car
car/image6_5x3.jpg,car
car/image6_5x25.jpg,car
car/image6_5x6.jpg,car
car/image2_6x24.jpg,car
car/image2_8x13.jpg,car
car/image2_8x20.jpg,car
car/image2_7x20.jpg,car
car/image2_9x23.jpg,car
car/image2_8x8.jpg,car
car/image2_8x21.jpg,car
car/image6_10x18.jpg,car
car/image6_11x10.jpg,car
car/image6_10x20.jpg,car
car/image3_2x28.jpg,car
car/image7_15x19.jpg,car
car/image7_14x18.jpg,car
car/image7_14x17.jpg,car
car/image7_14x7.jpg,car
car/image7_14x5.jpg,car
car/image7_14x14.jpg,car
car/image7_16x10.jpg,car
car/image3_3x18.jpg,car
car/image3_5x21.jpg,car
car/image7_8x15.jpg,car
car/image6_10x7.jpg,car
car/image6_11x11.jpg,car
car/image6_10x8.jpg,car
car/image6_10x9.jpg,car
car/image6_10x22.jpg,car
car/image6_10x21.jpg,car
car/image6_10x19.jpg,car
car/image6_10x16.jpg,car
car/image6_10x15.jpg,car
car/image6_10x17.jpg,car
car/image6_9x25.jpg,car
car/image6_9x20.jpg,car
car/image6_9x23.jpg,car
car/image6_9x22.jpg,car
car/image6_9x21.jpg,car
car/image6_9x24.jpg,car
car/image6_9x19.jpg,car
car/image6_9x17.jpg,car
car/image6_8x22.jpg,car
car/image6_8x23.jpg,car
car/image6_8x24.jpg,car
car/image6_9x18.jpg,car
car/image6_9x15.jpg,car
car/image6_12x19.jpg,car
car/image6_11x7.jpg,car
car/image6_12x10.jpg,car
car/image6_12x11.jpg,car
car/image6_11x9.jpg,car
car/image6_12x20.jpg,car
car/image6_11x8.jpg,car
car/image6_4x11.jpg,car
car/image6_4x12.jpg,car
car/image8_13x11.jpg,car
car/image8_2x3.jpg,car
car/image8_13x12.jpg,car
car/image8_15x9.jpg,car
car/image8_16x8.jpg,car
car/image8_2x30.jpg,car
car/image8_1x31.jpg,car
car/image8_15x11.jpg,car
car/image8_1x12.jpg,car
car/image8_15x13.jpg,car
car/image8_15x23.jpg,car
car/image8_13x16.jpg,car
car/image8_1x32.jpg,car
car/image8_14x14.jpg,car
car/image9_9x13.jpg,car
car/image9_9x26.jpg,car
car/image9_9x20.jpg,car
car/image9_9x21.jpg,car
car/image9_9x23.jpg,car
car/image9_9x12.jpg,car
car/image9_4x20.jpg,car
car/image9_5x9.jpg,car
car/image9_5x4.jpg,car
car/image9_5x14.jpg,car
car/image9_10x11.jpg,car
car/image8_8x14.jpg,car
car/image8_7x27.jpg,car
car/image9_10x12.jpg,car
car/image8_9x24.jpg,car
car/image8_6x8.jpg,car
car/image8_7x24.jpg,car
car/image9_10x13.jpg,car
car/image8_6x5.jpg,car
car/image8_8x25.jpg,car
car/image9_8x21.jpg,car
car/image9_7x24.jpg,car
car/image9_7x23.jpg,car
car/image9_8x26.jpg,car
car/image9_6x3.jpg,car
car/image9_7x22.jpg,car
car/image9_6x9.jpg,car
car/image9_8x23.jpg,car
car/image9_8x24.jpg,car
car/image9_8x22.jpg,car
car/image9_7x21.jpg,car
car/image9_8x4.jpg,car
car/image9_8x25.jpg,car
car/image9_8x20.jpg,car
car/image8_4x32.jpg,car
car/image8_4x7.jpg,car
car/image8_6x27.jpg,car
car/image8_5x10.jpg,car
car/image9_5x12.jpg,car
car/image9_5x10.jpg,car
car/image9_5x8.jpg,car
car/image9_6x10.jpg,car
car/image9_4x9.jpg,car
car/image9_5x15.jpg,car
car/image9_6x21.jpg,car
car/image9_5x11.jpg,car
car/image9_6x22.jpg,car
car/image9_6x13.jpg,car
car/image9_9x25.jpg,car
car/image9_9x22.jpg,car
car/image9_9x24.jpg,car
car/image9_10x18.jpg,car
car/image9_10x22.jpg,car
car/image9_10x21.jpg,car
car/image9_11x23.jpg,car
car/image9_14x15.jpg,car
car/image9_10x19.jpg,car
car/image9_11x19.jpg,car
car/image9_11x11.jpg,car
car/image9_11x21.jpg,car
car/image9_10x20.jpg,car
car/image9_11x13.jpg,car
car/image9_11x22.jpg,car
car/image9_11x14.jpg,car
car/image9_10x23.jpg,car
car/image8_6x12.jpg,car
car/image8_4x9.jpg,car
car/image8_5x6.jpg,car
car/image8_5x9.jpg,car
car/image8_5x12.jpg,car
car/image8_5x13.jpg,car
car/image8_6x24.jpg,car
car/image8_5x7.jpg,car
car/image8_4x8.jpg,car
car/image8_5x11.jpg,car
car/image9_14x14.jpg,car
car/image9_15x16.jpg,car
car/image9_14x20.jpg,car
car/image9_12x14.jpg,car
car/image9_1x9.jpg,car
car/image9_1x23.jpg,car
car/image9_2x2.jpg,car
car/image9_4x10.jpg,car
car/image9_4x1.jpg,car
car/image9_1x8.jpg,car
car/image9_1x22.jpg,car
car/image9_2x28.jpg,car
car/image9_1x19.jpg,car
car/image9_3x28.jpg,car
car/image9_12x32.jpg,car
car/image9_15x32.jpg,car
car/image9_12x15.jpg,car
car/image9_16x16.jpg,car
car/image9_12x22.jpg,car
car/image9_12x21.jpg,car
car/image9_14x32.jpg,car
car/image9_15x15.jpg,car
car/image9_16x17.jpg,car
car/image9_3x8.jpg,car
car/image9_3x13.jpg,car
car/image9_3x22.jpg,car
car/image9_4x11.jpg,car
car/image8_9x12.jpg,car
car/image9_10x14.jpg,car
car/image8_8x12.jpg,car
car/image8_6x3.jpg,car
car/image8_3x18.jpg,car
car/image8_3x27.jpg,car
car/image8_3x8.jpg,car
car/image8_3x5.jpg,car
car/image8_3x13.jpg,car
car/image8_4x13.jpg,car
car/image8_3x3.jpg,car
car/image8_3x6.jpg,car
car/image8_4x17.jpg,car
car/image8_2x8.jpg,car
car/image9_10x24.jpg,car
car/image7_8x16.jpg,car
car/image7_9x16.jpg,car
car/image8_12x12.jpg,car
car/image7_9x5.jpg,car
car/image7_8x4.jpg,car
car/image7_8x6.jpg,car
car/image8_12x11.jpg,car
car/image8_10x17.jpg,car
car/image8_11x13.jpg,car
car/image7_9x15.jpg,car
car/image8_4x16.jpg,car
car/image8_3x17.jpg,car
car/image8_3x9.jpg,car
car/image8_3x14.jpg,car
car/image6_12x9.jpg,car
car/image6_15x11.jpg,car
car/image6_14x30.jpg,car
car/image6_12x23.jpg,car
car/image6_14x19.jpg,car
car/image6_13x10.jpg,car
car/image6_13x11.jpg,car
car/image6_13x21.jpg,car
car/image6_15x10.jpg,car
car/image6_12x7.jpg,car
car/image7_11x18.jpg,car
car/image7_13x4.jpg,car
car/image7_10x16.jpg,car
car/image7_4x11.jpg,car
car/image6_8x19.jpg,car
car/image6_7x20.jpg,car
car/image6_6x21.jpg,car
car/image9_11x25.jpg,car
car/image9_16x18.jpg,car
car/image7_7x6.jpg,car
car/image7_8x13.jpg,car
car/image9_4x12.jpg,car
car/image9_8x5.jpg,car
car/image9_6x26.jpg,car
car/image7_10x19.jpg,car
car/image7_11x15.jpg,car
car/image6_9x8.jpg,car
car/image7_11x6.jpg,car
car/image7_11x11.jpg,car
car/image7_10x17.jpg,car
car/image7_13x11.jpg,car
car/image6_9x9.jpg,car
car/image7_11x4.jpg,car
car/image7_16x9.jpg,car
car/image7_2x20.jpg,car
car/image7_6x6.jpg,car
car/image7_6x5.jpg,car
car/image7_2x10.jpg,car
car/image7_4x19.jpg,car
car/image7_2x11.jpg,car
car/image7_5x8.jpg,car
car/image6_7x21.jpg,car
car/image6_7x22.jpg,car
car/image6_7x24.jpg,car
car/image6_6x20.jpg,car
car/image6_6x5.jpg,car
car/image6_8x18.jpg,car
car/image6_6x19.jpg,car
car/image6_7x19.jpg,car
car/image6_7x23.jpg,car
car/image6_6x4.jpg,car
car/image6_8x20.jpg,car
car/image8_11x11.jpg,car
car/image7_9x19.jpg,car
car/image8_10x24.jpg,car
car/image7_9x6.jpg,car
car/image7_5x10.jpg,car
car/image3_13x20.jpg,car
car/image3_13x18.jpg,car
car/image3_12x24.jpg,car
car/image3_11x31.jpg,car
car/image3_13x1.jpg,car
car/image3_11x9.jpg,car
car/image3_12x25.jpg,car
car/image7_16x11.jpg,car
car/image7_16x18.jpg,car
car/image7_16x4.jpg,car
car/image7_16x13.jpg,car
car/image7_16x15.jpg,car
car/image7_16x5.jpg,car
car/image7_16x12.jpg,car
car/image8_12x15.jpg,car
car/image6_12x31.jpg,car
car/image6_13x20.jpg,car
car/image6_15x17.jpg,car
car/image6_13x31.jpg,car
car/image8_2x4.jpg,car
car/image2_15x2.jpg,car
car/image7_13x5.jpg,car
car/image8_6x28.jpg,car
car/image8_4x18.jpg,car
car/image9_10x15.jpg,car
car/image7_7x16.jpg,car
car/image7_4x30.jpg,car
car/image7_13x3.jpg,car
car/image6_9x32.jpg,car
tree/image1_2x26.jpg,tree
tree/image1_1x24.jpg,tree
tree/image2_8x15.jpg,tree
tree/image1_12x19.jpg,tree
tree/image1_12x17.jpg,tree
tree/image10_1x14.jpg,tree
tree/image1_12x18.jpg,tree
tree/image10_1x16.jpg,tree
tree/image10_1x13.jpg,tree
tree/image10_1x11.jpg,tree
tree/image6_14x21.jpg,tree
tree/image6_12x26.jpg,tree
tree/image6_13x22.jpg,tree
tree/image6_11x27.jpg,tree
tree/image6_12x27.jpg,tree
tree/image6_11x29.jpg,tree
tree/image6_14x27.jpg,tree
tree/image6_12x25.jpg,tree
tree/image6_13x27.jpg,tree
tree/image6_13x23.jpg,tree
tree/image6_11x28.jpg,tree
tree/image5_9x26.jpg,tree
tree/image6_14x22.jpg,tree
tree/image6_1x15.jpg,tree
tree/image6_15x19.jpg,tree
tree/image7_14x2.jpg,tree
tree/image7_14x29.jpg,tree
tree/image3_6x10.jpg,tree
tree/image3_3x14.jpg,tree
tree/image3_8x1.jpg,tree
tree/image3_7x10.jpg,tree
tree/image3_7x9.jpg,tree
tree/image3_5x15.jpg,tree
tree/image3_3x15.jpg,tree
tree/image3_8x9.jpg,tree
tree/image3_6x12.jpg,tree
tree/image7_9x28.jpg,tree
tree/image7_6x11.jpg,tree
tree/image7_16x3.jpg,tree
tree/image7_9x3.jpg,tree
tree/image8_5x31.jpg,tree
tree/image8_5x29.jpg,tree
tree/image8_1x25.jpg,tree
tree/image8_1x15.jpg,tree
tree/image7_9x9.jpg,tree
tree/image7_7x29.jpg,tree
tree/image8_10x25.jpg,tree
tree/image7_5x32.jpg,tree
tree/image7_9x27.jpg,tree
tree/image7_9x4.jpg,tree
tree/image7_9x10.jpg,tree
tree/image8_10x10.jpg,tree
tree/image7_9x29.jpg,tree
tree/image7_9x26.jpg,tree
tree/image8_11x10.jpg,tree
tree/image8_16x21.jpg,tree
tree/image8_11x20.jpg,tree
tree/image8_12x23.jpg,tree
tree/image7_12x21.jpg,tree
tree/image6_2x14.jpg,tree
tree/image6_15x20.jpg,tree
tree/image6_15x27.jpg,tree
tree/image6_16x27.jpg,tree
tree/image7_12x22.jpg,tree
tree/image6_1x16.jpg,tree
tree/image6_1x22.jpg,tree
tree/image6_16x18.jpg,tree
tree/image6_14x29.jpg,tree
tree/image8_11x30.jpg,tree
tree/image8_13x23.jpg,tree
tree/image8_16x14.jpg,tree
tree/image8_11x25.jpg,tree
tree/image8_14x22.jpg,tree
tree/image8_12x25.jpg,tree
tree/image8_11x23.jpg,tree
tree/image8_13x22.jpg,tree
tree/image8_11x19.jpg,tree
tree/image8_15x22.jpg,tree
tree/image8_8x29.jpg,tree
tree/image8_8x27.jpg,tree
tree/image8_4x30.jpg,tree
tree/image8_5x30.jpg,tree
tree/image8_8x28.jpg,tree
tree/image8_1x28.jpg,tree
tree/image8_6x25.jpg,tree
tree/image8_1x24.jpg,tree
tree/image8_1x27.jpg,tree
tree/image8_1x14.jpg,tree
tree/image5_11x31.jpg,tree
tree/image5_11x23.jpg,tree
tree/image5_10x32.jpg,tree
tree/image5_10x7.jpg,tree
tree/image5_8x20.jpg,tree
tree/image5_7x5.jpg,tree
tree/image5_8x28.jpg,tree
tree/image5_8x5.jpg,tree
tree/image5_8x22.jpg,tree
tree/image5_8x21.jpg,tree
tree/image5_7x6.jpg,tree
tree/image5_8x26.jpg,tree
tree/image5_8x31.jpg,tree
tree/image5_8x1.jpg,tree
tree/image5_8x32.jpg,tree
tree/image5_8x27.jpg,tree
tree/image5_9x1.jpg,tree
tree/image5_8x6.jpg,tree
tree/image8_9x29.jpg,tree
tree/image9_2x19.jpg,tree
tree/image8_9x28.jpg,tree
tree/image8_9x26.jpg,tree
tree/image9_8x30.jpg,tree
tree/image9_1x28.jpg,tree
tree/image8_9x27.jpg,tree
tree/image9_1x20.jpg,tree
tree/image9_2x20.jpg,tree
tree/image5_6x10.jpg,tree
tree/image5_5x27.jpg,tree
tree/image5_6x17.jpg,tree
tree/image5_6x25.jpg,tree
tree/image5_6x23.jpg,tree
tree/image5_6x24.jpg,tree
tree/image5_5x31.jpg,tree
tree/image5_5x32.jpg,tree
tree/image5_6x18.jpg,tree
tree/image5_5x3.jpg,tree
tree/image5_6x16.jpg,tree
tree/image5_6x22.jpg,tree
tree/image5_6x26.jpg,tree
tree/image5_5x28.jpg,tree
tree/image6_13x24.jpg,tree
tree/image5_3x8.jpg,tree
tree/image5_5x2.jpg,tree
tree/image5_5x25.jpg,tree
tree/image5_4x24.jpg,tree
tree/image5_3x32.jpg,tree
tree/image5_5x24.jpg,tree
tree/image5_5x1.jpg,tree
tree/image5_5x14.jpg,tree
tree/image5_5x11.jpg,tree
tree/image5_5x23.jpg,tree
tree/image5_4x23.jpg,tree
tree/image5_3x9.jpg,tree
tree/image5_5x15.jpg,tree
tree/image5_4x25.jpg,tree
tree/image8_10x30.jpg,tree
tree/image8_9x25.jpg,tree
tree/image5_7x16.jpg,tree
tree/image5_7x20.jpg,tree
tree/image5_7x22.jpg,tree
tree/image5_7x24.jpg,tree
tree/image8_16x22.jpg,tree
tree/image5_6x9.jpg,tree
tree/image5_6x32.jpg,tree
tree/image5_6x31.jpg,tree
tree/image5_7x23.jpg,tree
tree/image5_6x6.jpg,tree
tree/image5_6x29.jpg,tree
tree/image5_6x7.jpg,tree
tree/image5_7x21.jpg,tree
tree/image5_6x8.jpg,tree
tree/image5_13x27.jpg,tree
tree/image5_14x22.jpg,tree
tree/image5_14x16.jpg,tree
tree/image5_14x20.jpg,tree
tree/image5_14x10.jpg,tree
tree/image5_14x19.jpg,tree
tree/image5_14x24.jpg,tree
tree/image5_14x15.jpg,tree
tree/image5_14x23.jpg,tree
tree/image5_14x18.jpg,tree
tree/image5_14x17.jpg,tree
tree/image5_14x21.jpg,tree
tree/image5_13x32.jpg,tree
tree/image5_14x1.jpg,tree
tree/image5_14x26.jpg,tree
tree/image5_15x21.jpg,tree
tree/image5_15x14.jpg,tree
tree/image5_14x28.jpg,tree
tree/image5_15x15.jpg,tree
tree/image5_15x22.jpg,tree
tree/image5_15x23.jpg,tree
tree/image5_15x18.jpg,tree
tree/image5_15x13.jpg,tree
tree/image5_14x27.jpg,tree
tree/image5_15x24.jpg,tree
tree/image5_15x19.jpg,tree
tree/image5_14x32.jpg,tree
tree/image5_14x31.jpg,tree
tree/image5_16x14.jpg,tree
tree/image5_16x2.jpg,tree
tree/image5_16x15.jpg,tree
tree/image5_15x26.jpg,tree
tree/image5_9x2.jpg,tree
tree/image5_16x23.jpg,tree
tree/image5_16x22.jpg,tree
tree/image5_16x24.jpg,tree
tree/image5_16x13.jpg,tree
tree/image5_15x27.jpg,tree
tree/image5_16x16.jpg,tree
tree/image5_16x25.jpg,tree
tree/image5_15x28.jpg,tree
tree/image5_16x21.jpg,tree
tree/image5_2x13.jpg,tree
tree/image5_2x14.jpg,tree
tree/image5_13x24.jpg,tree
tree/image5_13x22.jpg,tree
tree/image5_13x25.jpg,tree
tree/image5_2x4.jpg,tree
tree/image5_2x32.jpg,tree
tree/image5_3x29.jpg,tree
tree/image5_2x26.jpg,tree
tree/image6_14x28.jpg,tree
tree/image5_2x25.jpg,tree
tree/image5_2x22.jpg,tree
tree/image5_3x24.jpg,tree
tree/image5_2x24.jpg,tree
tree/image5_3x23.jpg,tree
tree/image5_3x26.jpg,tree
tree/image5_2x23.jpg,tree
tree/image5_3x25.jpg,tree
tree/image5_3x27.jpg,tree
tree/image5_3x10.jpg,tree
tree/image7_15x2.jpg,tree
tree/image5_6x28.jpg,tree
tree/image5_12x1.jpg,tree
tree/image5_11x32.jpg,tree
tree/image5_11x30.jpg,tree
tree/image5_11x25.jpg,tree
tree/image5_11x26.jpg,tree
tree/image5_11x28.jpg,tree
tree/image5_11x22.jpg,tree
tree/image5_10x26.jpg,tree
tree/image5_10x25.jpg,tree
tree/image5_10x8.jpg,tree
tree/image5_15x29.jpg,tree
tree/image5_16x29.jpg,tree
tree/image5_16x27.jpg,tree
tree/image5_1x23.jpg,tree
tree/image5_16x28.jpg,tree
tree/image5_1x24.jpg,tree
tree/image5_1x25.jpg,tree
tree/image5_1x31.jpg,tree
tree/image5_16x3.jpg,tree
tree/image5_1x14.jpg,tree
tree/image5_1x22.jpg,tree
tree/image5_16x8.jpg,tree
tree/image5_16x30.jpg,tree
tree/image4_16x11.jpg,tree
tree/image4_15x13.jpg,tree
tree/image4_15x6.jpg,tree
tree/image4_15x8.jpg,tree
tree/image4_16x4.jpg,tree
tree/image4_6x1.jpg,tree
tree/image4_6x10.jpg,tree
tree/image4_1x25.jpg,tree
tree/image4_15x9.jpg,tree
tree/image4_16x10.jpg,tree
tree/image5_13x17.jpg,tree
tree/image5_12x24.jpg,tree
tree/image5_12x22.jpg,tree
tree/image5_13x19.jpg,tree
tree/image5_12x25.jpg,tree
tree/image5_12x21.jpg,tree
tree/image5_12x23.jpg,tree
tree/image5_12x26.jpg,tree
tree/image5_13x16.jpg,tree
tree/image5_13x21.jpg,tree
tree/image5_13x20.jpg,tree
tree/image4_11x21.jpg,tree
tree/image4_11x16.jpg,tree
tree/image4_11x17.jpg,tree
tree/image4_11x23.jpg,tree
tree/image5_6x27.jpg,tree
tree/image4_13x15.jpg,tree
tree/image4_13x8.jpg,tree
tree/image4_15x11.jpg,tree
tree/image4_12x5.jpg,tree
tree/image4_14x18.jpg,tree
tree/image4_13x9.jpg,tree
tree/image4_14x22.jpg,tree
tree/image4_14x19.jpg,tree
tree/image4_15x10.jpg,tree
tree/image4_12x4.jpg,tree
tree/image4_12x9.jpg,tree
tree/image4_14x25.jpg,tree
tree/image4_14x24.jpg,tree
tree/image4_12x8.jpg,tree
tree/image4_7x7.jpg,tree
tree/image4_7x26.jpg,tree
tree/image4_9x24.jpg,tree
tree/image4_9x25.jpg,tree
tree/image4_9x7.jpg,tree
tree/image4_9x8.jpg,tree
tree/image4_7x6.jpg,tree
tree/image4_6x9.jpg,tree
tree/image4_9x32.jpg,tree
tree/image4_6x27.jpg,tree
tree/image4_8x22.jpg,tree
tree/image5_3x31.jpg,tree
tree/image4_6x25.jpg,tree
tree/image4_15x2.jpg,tree
tree/image4_15x4.jpg,tree
tree/image4_16x12.jpg,tree
tree/image5_5x26.jpg,tree
tree/image5_7x32.jpg,tree
tree/image5_10x23.jpg,tree
tree/image5_10x22.jpg,tree
tree/image4_9x9.jpg,tree
tree/image4_10x24.jpg,tree
tree/image4_10x14.jpg,tree
tree/image4_10x16.jpg,tree
tree/image4_10x2.jpg,tree
tree/image4_10x22.jpg,tree
tree/image4_10x23.jpg,tree
tree/image4_10x4.jpg,tree
tree/image4_10x18.jpg,tree
tree/image4_10x25.jpg,tree
tree/image4_10x17.jpg,tree
tree/image5_2x16.jpg,tree
tree/image5_15x25.jpg,tree
tree/image5_16x26.jpg,tree
tree/image4_12x24.jpg,tree
tree/image4_12x11.jpg,tree
tree/image4_12x21.jpg,tree
tree/image4_12x10.jpg,tree
tree/image4_11x24.jpg,tree
tree/image4_11x8.jpg,tree
tree/image4_11x4.jpg,tree
tree/image4_11x3.jpg,tree
tree/image4_11x11.jpg,tree
tree/image4_11x18.jpg,tree
tree/image3_5x14.jpg,tree
tree/image3_6x9.jpg,tree
tree/image3_6x11.jpg,tree
tree/image3_8x8.jpg,tree
tree/image4_10x7.jpg,tree
tree/image4_10x6.jpg,tree
tree/image4_10x8.jpg,tree
tree/image4_10x3.jpg,tree
tree/image1_1x29.jpg,tree
tree/image1_1x28.jpg,tree
tree/image1_1x4.jpg,tree
tree/image1_1x27.jpg,tree
tree/image5_12x20.jpg,tree
tree/image5_14x25.jpg,tree
tree/image5_13x26.jpg,tree
tree/image5_10x24.jpg,tree
tree/image3_11x3.jpg,tree
tree/image3_16x3.jpg,tree
tree/image3_12x7.jpg,tree
tree/image3_12x5.jpg,tree
tree/image1_1x31.jpg,tree
tree/image1_1x30.jpg,tree
tree/image1_2x24.jpg,tree
tree/image1_2x23.jpg,tree
tree/image1_1x25.jpg,tree
tree/image1_2x22.jpg,tree
tree/image1_1x26.jpg,tree
tree/image1_2x25.jpg,tree
tree/image1_2x20.jpg,tree
tree/image1_2x21.jpg,tree
tree/image3_10x6.jpg,tree
tree/image3_10x3.jpg,tree
tree/image3_12x6.jpg,tree
tree/image2_8x17.jpg,tree
tree/image3_1x31.jpg,tree
tree/image3_11x5.jpg,tree
tree/image3_10x7.jpg,tree
tree/image3_11x6.jpg,tree
tree/image3_11x7.jpg,tree
tree/image3_12x3.jpg,tree
tree/image3_5x12.jpg,tree
tree/image2_8x14.jpg,tree
tree/image1_8x28.jpg,tree
tree/image1_9x4.jpg,tree
tree/image1_8x2.jpg,tree
tree/image2_16x31.jpg,tree
tree/image2_12x31.jpg,tree
tree/image1_8x1.jpg,tree
tree/image4_12x25.jpg,tree
tree/image4_15x12.jpg,tree
tree/image4_6x26.jpg,tree
tree/image1_1x22.jpg,tree
tree/image1_1x21.jpg,tree
tree/image1_15x6.jpg,tree
tree/image1_1x20.jpg,tree
tree/image1_16x4.jpg,tree
tree/image1_15x5.jpg,tree
tree/image1_15x7.jpg,tree
tree/image1_1x23.jpg,tree
tree/image3_2x14.jpg,tree
tree/image4_10x9.jpg,tree
tree/image4_10x1.jpg,tree
tree/image1_3x2.jpg,tree
tree/image1_3x1.jpg,tree
tree/image1_2x29.jpg,tree
tree/image1_2x27.jpg,tree
tree/image1_2x30.jpg,tree
tree/image1_6x18.jpg,tree
tree/image1_2x28.jpg,tree
